<?xml version="1.0" standalone="yes"?>
<StudentDb>
  <Vaklijst>
    <PRO>Programmeren</PRO>
    <SNE>Systeem en netwerken</SNE>
    <DGV>Digitale vormgeving</DGV>
    <IOT>Internet of things</IOT>
  </Vaklijst>
  <StudentenLijst>
    <Voornaam>Appeltans</Voornaam>
    <Naam>Maurice</Naam>
    <VakCode>SNE</VakCode>
  </StudentenLijst>
  <StudentenLijst>
    <Voornaam>Boonen</Voornaam>
    <Naam>Tanja</Naam>
    <VakCode>PRO</VakCode>
  </StudentenLijst>
  <StudentenLijst>
    <Voornaam>Brants</Voornaam>
    <Naam>Marc</Naam>
    <VakCode>IOT</VakCode>
  </StudentenLijst>
  <StudentenLijst>
    <Voornaam>Briers</Voornaam>
    <Naam>Els</Naam>
    <VakCode>DVG</VakCode>
  </StudentenLijst>
  <StudentenLijst>
    <Voornaam>Bruggen</Voornaam>
    <Naam>Natacha</Naam>
    <VakCode>SNE</VakCode>
  </StudentenLijst>
  <StudentenLijst>
    <Voornaam>Daems</Voornaam>
    <Naam>Greta</Naam>
    <VakCode>PRO</VakCode>
  </StudentenLijst>
  <StudentenLijst>
    <Voornaam>Dox</Voornaam>
    <Naam>Inge</Naam>
    <VakCode>DVG</VakCode>
  </StudentenLijst>
  <StudentenLijst>
    <Voornaam>Das</Voornaam>
    <Naam>Kris</Naam>
    <VakCode>DVG</VakCode>
  </StudentenLijst>
  <StudentenLijst>
    <Voornaam>Fransen</Voornaam>
    <Naam>Tristan</Naam>
    <VakCode>PRO</VakCode>
  </StudentenLijst>
  <StudentenLijst>
    <Voornaam>Geboers</Voornaam>
    <Naam>Emmy</Naam>
    <VakCode>IOT</VakCode>
  </StudentenLijst>
  <StudentenLijst>
    <Voornaam>Goessens</Voornaam>
    <Naam>Mark</Naam>
    <VakCode>SNE</VakCode>
  </StudentenLijst>
  <StudentenLijst>
    <Voornaam>Heuts</Voornaam>
    <Naam>Diederik</Naam>
    <VakCode>PRO</VakCode>
  </StudentenLijst>
  <StudentenLijst>
    <Voornaam>Honings</Voornaam>
    <Naam>Linda</Naam>
    <VakCode>SNE</VakCode>
  </StudentenLijst>
  <StudentenLijst>
    <Voornaam>Hox</Voornaam>
    <Naam>Peter</Naam>
    <VakCode>PRO</VakCode>
  </StudentenLijst>
  <StudentenLijst>
    <Voornaam>Jacobs</Voornaam>
    <Naam>Jan</Naam>
    <VakCode>DVG</VakCode>
  </StudentenLijst>
  <StudentenLijst>
    <Voornaam>Janssens</Voornaam>
    <Naam>Rudy</Naam>
    <VakCode>IOT</VakCode>
  </StudentenLijst>
  <StudentenLijst>
    <Voornaam>Jaspers</Voornaam>
    <Naam>Hugo</Naam>
    <VakCode>IOT</VakCode>
  </StudentenLijst>
  <StudentenLijst>
    <Voornaam>Kuppers</Voornaam>
    <Naam>Joke</Naam>
    <VakCode>PRO</VakCode>
  </StudentenLijst>
  <StudentenLijst>
    <Voornaam>Laeremans</Voornaam>
    <Naam>Claudia</Naam>
    <VakCode>PRO</VakCode>
  </StudentenLijst>
  <StudentenLijst>
    <Voornaam>Lambrechts</Voornaam>
    <Naam>Inge</Naam>
    <VakCode>PRO</VakCode>
  </StudentenLijst>
  <StudentenLijst>
    <Voornaam>Leys</Voornaam>
    <Naam>Kristel</Naam>
    <VakCode>PRO</VakCode>
  </StudentenLijst>
  <StudentenLijst>
    <Voornaam>Naes</Voornaam>
    <Naam>Guido</Naam>
    <VakCode>SNE</VakCode>
  </StudentenLijst>
  <StudentenLijst>
    <Voornaam>Narien</Voornaam>
    <Naam>Greet</Naam>
    <VakCode>DVG</VakCode>
  </StudentenLijst>
  <StudentenLijst>
    <Voornaam>Nichiels</Voornaam>
    <Naam>Jaak</Naam>
    <VakCode>PRO</VakCode>
  </StudentenLijst>
  <StudentenLijst>
    <Voornaam>Nichiels</Voornaam>
    <Naam>Roger</Naam>
    <VakCode>SNE</VakCode>
  </StudentenLijst>
  <StudentenLijst>
    <Voornaam>Noors</Voornaam>
    <Naam>Elke</Naam>
    <VakCode>SNE</VakCode>
  </StudentenLijst>
  <StudentenLijst>
    <Voornaam>Nys</Voornaam>
    <Naam>Iris</Naam>
    <VakCode>DVG</VakCode>
  </StudentenLijst>
  <StudentenLijst>
    <Voornaam>Nyssens</Voornaam>
    <Naam>Louis</Naam>
    <VakCode>SNE</VakCode>
  </StudentenLijst>
  <StudentenLijst>
    <Voornaam>Palmaers</Voornaam>
    <Naam>Kristof</Naam>
    <VakCode>PRO</VakCode>
  </StudentenLijst>
  <StudentenLijst>
    <Voornaam>Pauwels</Voornaam>
    <Naam>Nico</Naam>
    <VakCode>PRO</VakCode>
  </StudentenLijst>
  <StudentenLijst>
    <Voornaam>Peeters</Voornaam>
    <Naam>Ellen</Naam>
    <VakCode>SNE</VakCode>
  </StudentenLijst>
  <StudentenLijst>
    <Voornaam>Peeters</Voornaam>
    <Naam>Raf</Naam>
    <VakCode>IOT</VakCode>
  </StudentenLijst>
  <StudentenLijst>
    <Voornaam>Pelemans</Voornaam>
    <Naam>Ann</Naam>
    <VakCode>PRO</VakCode>
  </StudentenLijst>
  <StudentenLijst>
    <Voornaam>Peters</Voornaam>
    <Naam>Luc</Naam>
    <VakCode>IOT</VakCode>
  </StudentenLijst>
  <StudentenLijst>
    <Voornaam>'s Heeren</Voornaam>
    <Naam>Louis</Naam>
    <VakCode>DVG</VakCode>
  </StudentenLijst>
  <StudentenLijst>
    <Voornaam>Smolders</Voornaam>
    <Naam>Luca</Naam>
    <VakCode>IOT</VakCode>
  </StudentenLijst>
  <StudentenLijst>
    <Voornaam>Vaes</Voornaam>
    <Naam>Marcel</Naam>
    <VakCode>PRO</VakCode>
  </StudentenLijst>
  <StudentenLijst>
    <Voornaam>Vandenbossche</Voornaam>
    <Naam>Els</Naam>
    <VakCode>PRO</VakCode>
  </StudentenLijst>
  <StudentenLijst>
    <Voornaam>Vanherle</Voornaam>
    <Naam>Kristof</Naam>
    <VakCode>SNE</VakCode>
  </StudentenLijst>
  <StudentenLijst>
    <Voornaam>Vanhouten</Voornaam>
    <Naam>Nancy</Naam>
    <VakCode>SNE</VakCode>
  </StudentenLijst>
  <StudentenLijst>
    <Voornaam>Verbist</Voornaam>
    <Naam>Michel</Naam>
    <VakCode>SNE</VakCode>
  </StudentenLijst>
  <StudentenLijst>
    <Voornaam>Vervoort</Voornaam>
    <Naam>Geert</Naam>
    <VakCode>IOT</VakCode>
  </StudentenLijst>
  <StudentenLijst>
    <Voornaam>Wellens</Voornaam>
    <Naam>Marijke</Naam>
    <VakCode>SNE</VakCode>
  </StudentenLijst>
  <StudentenLijst>
    <Voornaam>Willems</Voornaam>
    <Naam>Patrick</Naam>
    <VakCode>PRO</VakCode>
  </StudentenLijst>
  <StudentenLijst>
    <Voornaam>Willems</Voornaam>
    <Naam>Luc</Naam>
    <VakCode>SNE</VakCode>
  </StudentenLijst>
  <StudentenLijst>
    <Voornaam>Wouters</Voornaam>
    <Naam>Maarten</Naam>
    <VakCode>IOT</VakCode>
  </StudentenLijst>
</StudentDb>